,dense,star,cycle,path,num edges,num nodes,avg degree,des cl,fact deg,fact cl,time
0,False,False,False,False,5,20,5,0.21,5.0,0.2102,0.11
1,True,False,False,False,5,20,5,0.21,5.0,0.209,0.14
2,False,True,False,False,5,20,5,0.21,5.0,0.2105,0.15
3,True,True,False,False,5,20,5,0.21,5.0,0.2036,1.03
4,False,False,False,True,5,20,5,0.21,5.0,0.2098,0.08
5,True,False,False,True,5,20,5,0.21,5.0,0.2063,0.87
6,False,True,False,True,5,20,5,0.21,5.0,0.2017,0.95
7,True,True,False,True,5,20,5,0.21,5.0,0.2077,0.94
8,False,False,True,False,5,20,5,0.21,5.0,0.2098,0.08
9,True,False,True,False,5,20,5,0.21,5.0,0.2143,0.9
10,False,True,True,False,5,20,5,0.21,5.0,0.2099,0.07
11,True,True,True,False,5,20,5,0.21,5.0,0.2167,0.87
12,False,False,True,True,5,20,5,0.21,5.0,0.2105,0.07
13,True,False,True,True,5,20,5,0.21,5.0,0.2113,0.86
14,False,True,True,True,5,20,5,0.21,5.0,0.217,0.08
15,True,True,True,True,5,20,5,0.21,5.0,0.2067,0.86
16,False,False,False,False,10,20,5,0.21,5.0,0.2099,0.11
17,True,False,False,False,10,20,5,0.21,5.0,0.2099,0.1
18,False,True,False,False,10,20,5,0.21,5.0,0.2109,0.07
19,True,True,False,False,10,20,5,0.21,5.0,0.2153,0.92
20,False,False,False,True,10,20,5,0.21,5.0,0.2107,0.09
21,True,False,False,True,10,20,5,0.21,5.0,0.21,0.07
22,False,True,False,True,10,20,5,0.21,5.0,0.2114,0.94
23,True,True,False,True,10,20,5,0.21,5.0,0.2158,0.09
24,False,False,True,False,10,20,5,0.21,5.0,0.2169,0.83
25,True,False,True,False,10,20,5,0.21,5.0,0.2101,0.08
26,False,True,True,False,10,20,5,0.21,5.0,0.206,0.84
27,True,True,True,False,10,20,5,0.21,5.0,0.2081,0.91
28,False,False,True,True,10,20,5,0.21,5.0,0.2106,0.08
29,True,False,True,True,10,20,5,0.21,5.0,0.2059,0.09
30,False,True,True,True,10,20,5,0.21,5.0,0.2107,0.07
31,True,True,True,True,10,20,5,0.21,5.0,0.211,0.07
32,False,False,False,False,5,20,5,0.26,5.0,0.2609,0.12
33,True,False,False,False,5,20,5,0.26,5.0,0.2598,0.08
34,False,True,False,False,5,20,5,0.26,5.0,0.2605,0.07
35,True,True,False,False,5,20,5,0.26,5.0,0.2544,1.09
36,False,False,False,True,5,20,5,0.26,5.0,0.2625,0.89
37,True,False,False,True,5,20,5,0.26,5.0,0.2602,0.07
38,False,True,False,True,5,20,5,0.26,5.0,0.2595,0.08
39,True,True,False,True,5,20,5,0.26,5.0,0.26,0.07
40,False,False,True,False,5,20,5,0.26,5.0,0.2579,0.84
41,True,False,True,False,5,20,5,0.26,5.0,0.2631,1.01
42,False,True,True,False,5,20,5,0.26,5.0,0.2603,0.07
43,True,True,True,False,5,20,5,0.26,5.0,0.2605,0.08
44,False,False,True,True,5,20,5,0.26,5.0,0.2617,0.66
45,True,False,True,True,5,20,5,0.26,5.0,0.2531,0.61
46,False,True,True,True,5,20,5,0.26,5.0,0.2602,0.1
47,True,True,True,True,5,20,5,0.26,5.0,0.2607,0.1
48,False,False,False,False,10,20,5,0.26,5.0,0.2597,0.17
49,True,False,False,False,10,20,5,0.26,5.0,0.2549,0.21
50,False,True,False,False,10,20,5,0.26,5.0,0.2549,0.67
51,True,True,False,False,10,20,5,0.26,5.0,0.2587,0.65
52,False,False,False,True,10,20,5,0.26,5.0,0.2574,0.73
53,True,False,False,True,10,20,5,0.26,5.0,0.2602,0.1
54,False,True,False,True,10,20,5,0.26,5.0,0.2668,0.16
55,True,True,False,True,10,20,5,0.26,5.0,0.2591,0.1
56,False,False,True,False,10,20,5,0.26,5.0,0.2549,0.8
57,True,False,True,False,10,20,5,0.26,5.0,0.2567,0.65
58,False,True,True,False,10,20,5,0.26,5.0,0.2559,0.66
59,True,True,True,False,10,20,5,0.26,5.0,0.2651,0.71
60,False,False,True,True,10,20,5,0.26,5.0,0.26,0.16
61,True,False,True,True,10,20,5,0.26,5.0,0.2638,0.65
62,False,True,True,True,10,20,5,0.26,5.0,0.2681,0.69
63,True,True,True,True,10,20,5,0.26,5.0,0.252,0.6
64,True,False,False,False,5,20,5,0.31,5.0,0.309,0.2
65,False,True,False,False,5,20,5,0.31,5.0,0.3158,0.63
66,True,True,False,False,5,20,5,0.31,5.0,0.3088,0.68
67,False,False,False,True,5,20,5,0.31,5.0,0.2954,0.16
68,True,False,False,True,5,20,5,0.31,5.0,0.3137,0.21
69,False,True,False,True,5,20,5,0.31,5.0,0.3156,0.68
70,True,True,False,True,5,20,5,0.31,5.0,0.3077,0.63
71,False,False,True,False,5,20,5,0.31,5.0,0.3035,0.77
72,True,False,True,False,5,20,5,0.31,5.0,0.3132,0.65
73,False,True,True,False,5,20,5,0.31,5.0,0.3183,0.67
74,True,True,True,False,5,20,5,0.31,5.0,0.309,0.16
75,False,False,True,True,5,20,5,0.31,5.0,0.306,0.65
76,True,False,True,True,5,20,5,0.31,5.0,0.308,0.63
77,False,True,True,True,5,20,5,0.31,5.0,0.3095,0.1
78,True,True,True,True,5,20,5,0.31,5.0,0.3085,0.66
79,True,False,False,False,10,20,5,0.31,5.0,0.3081,0.67
80,False,True,False,False,10,20,5,0.31,5.0,0.3029,0.71
81,True,True,False,False,10,20,5,0.31,5.0,0.3103,0.21
82,False,False,False,True,10,20,5,0.31,5.0,0.3072,0.66
83,True,False,False,True,10,20,5,0.31,5.0,0.3044,0.62
84,False,True,False,True,10,20,5,0.31,5.0,0.3052,0.68
85,True,True,False,True,10,20,5,0.31,5.0,0.3126,0.67
86,False,False,True,False,10,20,5,0.31,5.0,0.3106,0.22
87,True,False,True,False,10,20,5,0.31,5.0,0.3067,0.71
88,False,True,True,False,10,20,5,0.31,5.0,0.3154,0.63
89,True,True,True,False,10,20,5,0.31,5.0,0.3018,0.65
90,False,False,True,True,10,20,5,0.31,5.0,0.3079,0.69
91,True,False,True,True,10,20,5,0.31,5.0,0.3105,0.1
92,False,True,True,True,10,20,5,0.31,5.0,0.3135,0.63
93,True,True,True,True,10,20,5,0.31,5.0,0.3106,0.1
94,False,True,False,False,5,20,5,0.36,5.0,0.3352,0.7
95,True,True,False,False,5,20,5,0.36,5.0,0.3251,0.71
96,False,False,False,True,5,20,5,0.36,5.0,0.3667,0.67
97,True,False,False,True,5,20,5,0.36,5.0,0.3482,0.21
98,False,True,False,True,5,20,5,0.36,5.0,0.3321,0.7
99,True,True,False,True,5,20,5,0.36,5.0,0.3528,0.67
100,False,False,True,False,5,20,5,0.36,5.0,0.3557,0.66
101,True,False,True,False,5,20,5,0.36,5.0,0.3622,0.68
102,False,True,True,False,5,20,5,0.36,5.0,0.342,0.68
103,True,True,True,False,5,20,5,0.36,5.0,0.347,0.66
104,False,False,True,True,5,20,5,0.36,5.0,0.3578,0.68
105,True,False,True,True,5,20,5,0.36,5.0,0.3631,0.65
106,False,True,True,True,5,20,5,0.36,5.0,0.3357,0.67
107,True,True,True,True,5,20,5,0.36,5.0,0.3738,0.66
108,True,False,False,False,10,20,5,0.36,5.0,0.3608,0.1
109,False,True,False,False,10,20,5,0.36,5.0,0.3447,0.64
110,True,True,False,False,10,20,5,0.36,5.0,0.3483,0.69
111,False,False,False,True,10,20,5,0.36,5.0,0.3604,0.1
112,True,False,False,True,10,20,5,0.36,5.0,0.3606,0.1
113,False,True,False,True,10,20,5,0.36,5.0,0.3374,0.69
114,True,True,False,True,10,20,5,0.36,5.0,0.3546,0.69
115,False,False,True,False,10,20,5,0.36,5.0,0.3699,0.73
116,True,False,True,False,10,20,5,0.36,5.0,0.351,0.73
117,False,True,True,False,10,20,5,0.36,5.0,0.3668,0.7
118,True,True,True,False,10,20,5,0.36,5.0,0.3598,0.1
119,False,False,True,True,10,20,5,0.36,5.0,0.3623,0.6
120,True,False,True,True,10,20,5,0.36,5.0,0.3227,0.73
121,False,True,True,True,10,20,5,0.36,5.0,0.3614,0.63
122,True,True,True,True,10,20,5,0.36,5.0,0.355,0.63
123,False,True,False,False,5,20,5,0.41,5.0,0.3615,0.76
124,True,True,False,False,5,20,5,0.41,5.0,0.3531,0.66
125,False,False,False,True,5,20,5,0.41,5.0,0.4227,0.66
126,True,False,False,True,5,20,5,0.41,5.0,0.3774,0.64
127,False,True,False,True,5,20,5,0.41,5.0,0.3926,0.69
128,True,True,False,True,5,20,5,0.41,5.0,0.3877,0.64
129,False,False,True,False,5,20,5,0.41,5.0,0.3655,0.67
130,True,False,True,False,5,20,5,0.41,5.0,0.3385,0.63
131,False,True,True,False,5,20,5,0.41,5.0,0.3704,0.63
132,True,True,True,False,5,20,5,0.41,5.0,0.4048,0.68
133,False,False,True,True,5,20,5,0.41,5.0,0.373,0.63
134,True,False,True,True,5,20,5,0.41,5.0,0.3412,0.68
135,False,True,True,True,5,20,5,0.41,5.0,0.3979,0.68
136,True,True,True,True,5,20,5,0.41,5.0,0.3412,0.65
137,True,False,False,False,10,20,5,0.41,5.0,0.4199,0.64
138,False,True,False,False,10,20,5,0.41,5.0,0.3683,0.66
139,True,True,False,False,10,20,5,0.41,5.0,0.3414,0.71
140,False,False,False,True,10,20,5,0.41,5.0,0.365,0.69
141,True,False,False,True,10,20,5,0.41,5.0,0.398,0.72
142,False,True,False,True,10,20,5,0.41,5.0,0.4285,0.61
143,True,True,False,True,10,20,5,0.41,5.0,0.3615,0.66
144,False,False,True,False,10,20,5,0.41,5.0,0.3454,0.69
145,True,False,True,False,10,20,5,0.41,5.0,0.3965,0.67
146,False,True,True,False,10,20,5,0.41,5.0,0.4067,0.66
147,True,True,True,False,10,20,5,0.41,5.0,0.3472,0.76
148,False,False,True,True,10,20,5,0.41,5.0,0.3979,0.75
149,True,False,True,True,10,20,5,0.41,5.0,0.3922,0.66
150,False,True,True,True,10,20,5,0.41,5.0,0.3713,0.62
151,True,True,True,True,10,20,5,0.41,5.0,0.3696,0.68
152,False,False,False,False,5,20,5,0.4600000000000001,5.0,0.4606,0.27
153,True,False,False,False,5,20,5,0.4600000000000001,5.0,0.4166,0.73
154,False,True,False,False,5,20,5,0.4600000000000001,5.0,0.4146,0.64
155,True,True,False,False,5,20,5,0.4600000000000001,5.0,0.362,0.62
156,False,False,False,True,5,20,5,0.4600000000000001,5.0,0.4129,0.77
157,True,False,False,True,5,20,5,0.4600000000000001,5.0,0.3745,0.66
158,False,True,False,True,5,20,5,0.4600000000000001,5.0,0.3845,0.73
159,True,True,False,True,5,20,5,0.4600000000000001,5.0,0.372,0.79
160,False,False,True,False,5,20,5,0.4600000000000001,5.0,0.3617,0.81
161,True,False,True,False,5,20,5,0.4600000000000001,5.0,0.34,0.62
162,False,True,True,False,5,20,5,0.4600000000000001,5.0,0.3536,0.65
163,True,True,True,False,5,20,5,0.4600000000000001,5.0,0.3924,0.67
164,False,False,True,True,5,20,5,0.4600000000000001,5.0,0.3715,0.65
165,True,False,True,True,5,20,5,0.4600000000000001,5.0,0.3355,0.65
166,False,True,True,True,5,20,5,0.4600000000000001,5.0,0.386,0.68
167,True,True,True,True,5,20,5,0.4600000000000001,5.0,0.3748,0.69
168,False,False,False,False,10,20,5,0.4600000000000001,5.0,0.4592,0.27
169,True,False,False,False,10,20,5,0.4600000000000001,5.0,0.3569,0.61
170,False,True,False,False,10,20,5,0.4600000000000001,5.0,0.38,0.62
171,True,True,False,False,10,20,5,0.4600000000000001,5.0,0.42,0.63
172,False,False,False,True,10,20,5,0.4600000000000001,5.0,0.4172,0.8
173,True,False,False,True,10,20,5,0.4600000000000001,5.0,0.3985,0.68
174,False,True,False,True,10,20,5,0.4600000000000001,5.0,0.3579,0.68
175,True,True,False,True,10,20,5,0.4600000000000001,5.0,0.3821,0.62
176,False,False,True,False,10,20,5,0.4600000000000001,5.0,0.4193,0.68
177,True,False,True,False,10,20,5,0.4600000000000001,5.0,0.3848,0.22
178,False,True,True,False,10,20,5,0.4600000000000001,5.0,0.4112,0.71
179,True,True,True,False,10,20,5,0.4600000000000001,5.0,0.3918,0.73
180,False,False,True,True,10,20,5,0.4600000000000001,5.0,0.3163,0.65
181,True,False,True,True,10,20,5,0.4600000000000001,5.0,0.3688,0.71
182,False,True,True,True,10,20,5,0.4600000000000001,5.0,0.3827,0.68
183,True,True,True,True,10,20,5,0.4600000000000001,5.0,0.4047,0.71
184,False,False,False,False,5,20,5,0.5100000000000001,5.0,0.511,0.36
185,True,False,False,False,5,20,5,0.5100000000000001,5.0,0.4021,0.63
186,False,True,False,False,5,20,5,0.5100000000000001,5.0,0.3534,0.69
187,True,True,False,False,5,20,5,0.5100000000000001,5.0,0.3924,0.64
188,False,False,False,True,5,20,5,0.5100000000000001,5.0,0.3795,0.7
189,True,False,False,True,5,20,5,0.5100000000000001,5.0,0.3369,0.68
190,False,True,False,True,5,20,5,0.5100000000000001,5.0,0.4029,0.67
191,True,True,False,True,5,20,5,0.5100000000000001,5.0,0.4065,0.64
192,False,False,True,False,5,20,5,0.5100000000000001,5.0,0.4508,0.7
193,True,False,True,False,5,20,5,0.5100000000000001,5.0,0.3973,0.73
194,False,True,True,False,5,20,5,0.5100000000000001,5.0,0.4488,0.72
195,True,True,True,False,5,20,5,0.5100000000000001,5.0,0.3588,0.66
196,False,False,True,True,5,20,5,0.5100000000000001,5.0,0.3833,0.7
197,True,False,True,True,5,20,5,0.5100000000000001,5.0,0.4467,0.72
198,False,True,True,True,5,20,5,0.5100000000000001,5.0,0.3786,0.71
199,True,True,True,True,5,20,5,0.5100000000000001,5.0,0.3552,0.64
200,False,False,False,False,10,20,5,0.5100000000000001,5.0,0.5105,0.43
201,True,False,False,False,10,20,5,0.5100000000000001,5.0,0.4327,0.73
202,False,True,False,False,10,20,5,0.5100000000000001,5.0,0.3312,0.67
203,True,True,False,False,10,20,5,0.5100000000000001,5.0,0.3381,0.7
204,False,False,False,True,10,20,5,0.5100000000000001,5.0,0.3993,0.63
205,True,False,False,True,10,20,5,0.5100000000000001,5.0,0.3362,0.72
206,False,True,False,True,10,20,5,0.5100000000000001,5.0,0.3467,0.7
207,True,True,False,True,10,20,5,0.5100000000000001,5.0,0.4068,0.62
208,False,False,True,False,10,20,5,0.5100000000000001,5.0,0.3502,0.66
209,True,False,True,False,10,20,5,0.5100000000000001,5.0,0.3625,0.68
210,False,True,True,False,10,20,5,0.5100000000000001,5.0,0.3996,0.64
211,True,True,True,False,10,20,5,0.5100000000000001,5.0,0.3269,0.76
212,False,False,True,True,10,20,5,0.5100000000000001,5.0,0.3907,0.61
213,True,False,True,True,10,20,5,0.5100000000000001,5.0,0.3711,0.66
214,False,True,True,True,10,20,5,0.5100000000000001,5.0,0.3615,0.7
215,True,True,True,True,10,20,5,0.5100000000000001,5.0,0.3833,0.64
216,False,False,False,False,5,20,5,0.56,5.0,0.5597,0.41
217,True,False,False,False,5,20,5,0.56,5.0,0.3792,0.65
218,False,True,False,False,5,20,5,0.56,5.0,0.378,0.63
219,True,True,False,False,5,20,5,0.56,5.0,0.4205,0.7
220,False,False,False,True,5,20,5,0.56,5.0,0.453,0.67
221,True,False,False,True,5,20,5,0.56,5.0,0.3926,0.67
222,False,True,False,True,5,20,5,0.56,5.0,0.3303,0.61
223,True,True,False,True,5,20,5,0.56,5.0,0.3846,0.6
224,False,False,True,False,5,20,5,0.56,5.0,0.3356,0.64
225,True,False,True,False,5,20,5,0.56,5.0,0.4133,0.66
226,False,True,True,False,5,20,5,0.56,5.0,0.4417,0.66
227,True,True,True,False,5,20,5,0.56,5.0,0.3501,0.64
228,False,False,True,True,5,20,5,0.56,5.0,0.3754,0.65
229,True,False,True,True,5,20,5,0.56,5.0,0.389,0.62
230,False,True,True,True,5,20,5,0.56,5.0,0.3305,0.67
231,True,True,True,True,5,20,5,0.56,5.0,0.3707,0.66
232,False,False,False,False,10,20,5,0.56,5.0,0.5597,0.61
233,True,False,False,False,10,20,5,0.56,5.0,0.4366,0.65
234,False,True,False,False,10,20,5,0.56,5.0,0.4621,0.66
235,True,True,False,False,10,20,5,0.56,5.0,0.377,0.61
236,False,False,False,True,10,20,5,0.56,5.0,0.4193,0.67
237,True,False,False,True,10,20,5,0.56,5.0,0.3671,0.61
238,False,True,False,True,10,20,5,0.56,5.0,0.3534,0.6
239,True,True,False,True,10,20,5,0.56,5.0,0.3608,0.68
240,False,False,True,False,10,20,5,0.56,5.0,0.4483,0.78
241,True,False,True,False,10,20,5,0.56,5.0,0.3361,0.72
242,False,True,True,False,10,20,5,0.56,5.0,0.3937,0.67
243,True,True,True,False,10,20,5,0.56,5.0,0.3601,0.67
244,False,False,True,True,10,20,5,0.56,5.0,0.3757,0.69
245,True,False,True,True,10,20,5,0.56,5.0,0.4264,0.76
246,False,True,True,True,10,20,5,0.56,5.0,0.4184,0.65
247,True,True,True,True,10,20,5,0.56,5.0,0.3905,0.64
248,False,False,False,False,5,20,10,0.47,10.0,0.4709,0.24
249,True,False,False,False,5,20,10,0.47,10.0,0.4842,0.91
250,False,True,False,False,5,20,10,0.47,10.0,0.4794,0.72
251,True,True,False,False,5,20,10,0.47,10.0,0.4934,0.68
252,False,False,False,True,5,20,10,0.47,10.0,0.4687,0.68
253,True,False,False,True,5,20,10,0.47,10.0,0.4775,4.7
254,False,True,False,True,5,20,10,0.47,10.0,0.4834,0.68
255,True,True,False,True,5,20,10,0.47,10.0,0.4932,0.68
256,False,False,True,False,5,20,10,0.47,10.0,0.4833,6.56
257,True,False,True,False,5,20,10,0.47,10.0,0.4717,0.22
258,False,True,True,False,5,20,10,0.47,10.0,0.4854,0.68
259,True,True,True,False,5,20,10,0.47,10.0,0.4814,1.29
260,False,False,True,True,5,20,10,0.47,10.0,0.4885,0.64
261,True,False,True,True,5,20,10,0.47,10.0,0.4772,1.91
262,False,True,True,True,5,20,10,0.47,10.0,0.4825,1.74
263,True,True,True,True,5,20,10,0.47,10.0,0.4921,1.64
264,False,False,False,False,10,20,10,0.47,10.0,0.4704,0.23
265,True,False,False,False,10,20,10,0.47,10.0,0.4961,0.64
266,False,True,False,False,10,20,10,0.47,10.0,0.4811,0.64
267,True,True,False,False,10,20,10,0.47,10.0,0.4948,0.65
268,False,False,False,True,10,20,10,0.47,10.0,0.484,1.59
269,True,False,False,True,10,20,10,0.47,10.0,0.5032,5.97
270,False,True,False,True,10,20,10,0.47,10.0,0.4811,0.64
271,True,True,False,True,10,20,10,0.47,10.0,0.4816,0.64
272,False,False,True,False,10,20,10,0.47,10.0,0.4705,13.36
273,True,False,True,False,10,20,10,0.47,10.0,0.4887,1.65
274,False,True,True,False,10,20,10,0.47,10.0,0.491,0.64
275,True,True,True,False,10,20,10,0.47,10.0,0.4933,0.64
276,False,False,True,True,10,20,10,0.47,10.0,0.5023,0.16
277,True,False,True,True,10,20,10,0.47,10.0,0.4878,0.92
278,False,True,True,True,10,20,10,0.47,10.0,0.4788,1.33
279,True,True,True,True,10,20,10,0.47,10.0,0.4861,0.68
280,False,False,False,False,5,20,10,0.52,10.0,0.5197,0.1
281,True,False,False,False,5,20,10,0.52,10.0,0.5205,0.1
282,False,True,False,False,5,20,10,0.52,10.0,0.5193,0.1
283,True,True,False,False,5,20,10,0.52,10.0,0.5205,0.99
284,False,False,False,True,5,20,10,0.52,10.0,0.5197,0.1
285,True,False,False,True,5,20,10,0.52,10.0,0.5202,0.1
286,False,True,False,True,5,20,10,0.52,10.0,0.5178,0.21
287,True,True,False,True,5,20,10,0.52,10.0,0.5201,0.11
288,False,False,True,False,5,20,10,0.52,10.0,0.5215,0.16
289,True,False,True,False,5,20,10,0.52,10.0,0.5201,0.21
290,False,True,True,False,5,20,10,0.52,10.0,0.5183,0.85
291,True,True,True,False,5,20,10,0.52,10.0,0.5198,0.16
292,False,False,True,True,5,20,10,0.52,10.0,0.5197,0.44
293,True,False,True,True,5,20,10,0.52,10.0,0.52,0.1
294,False,True,True,True,5,20,10,0.52,10.0,0.5207,0.4
295,True,True,True,True,5,20,10,0.52,10.0,0.5182,0.68
296,False,False,False,False,10,20,10,0.52,10.0,0.5206,0.1
297,True,False,False,False,10,20,10,0.52,10.0,0.5191,0.1
298,False,True,False,False,10,20,10,0.52,10.0,0.5203,0.47
299,True,True,False,False,10,20,10,0.52,10.0,0.5212,0.73
300,False,False,False,True,10,20,10,0.52,10.0,0.5194,0.16
301,True,False,False,True,10,20,10,0.52,10.0,0.5185,10.79
302,False,True,False,True,10,20,10,0.52,10.0,0.5225,0.68
303,True,True,False,True,10,20,10,0.52,10.0,0.5203,0.1
304,False,False,True,False,10,20,10,0.52,10.0,0.5201,13.9
305,True,False,True,False,10,20,10,0.52,10.0,0.5203,0.66
306,False,True,True,False,10,20,10,0.52,10.0,0.516,0.68
307,True,True,True,False,10,20,10,0.52,10.0,0.5189,1.81
308,False,False,True,True,10,20,10,0.52,10.0,0.5202,0.11
309,True,False,True,True,10,20,10,0.52,10.0,0.5194,0.11
310,False,True,True,True,10,20,10,0.52,10.0,0.5169,0.17
311,True,True,True,True,10,20,10,0.52,10.0,0.521,0.17
312,False,False,False,False,5,20,10,0.5700000000000001,10.0,0.5705,0.16
313,True,False,False,False,5,20,10,0.5700000000000001,10.0,0.5692,0.1
314,False,True,False,False,5,20,10,0.5700000000000001,10.0,0.5701,0.16
315,True,True,False,False,5,20,10,0.5700000000000001,10.0,0.5709,0.2
316,False,False,False,True,5,20,10,0.5700000000000001,10.0,0.5734,0.72
317,False,False,False,False,5,20,5,0.31,5.0,0.3098,0.23
318,True,False,False,False,5,20,5,0.31,5.0,0.308,0.65
319,False,True,False,False,5,20,5,0.31,5.0,0.3033,0.7
320,True,True,False,False,5,20,5,0.31,5.0,0.3119,0.68
321,False,False,False,True,5,20,5,0.31,5.0,0.3079,0.21
322,True,False,False,True,5,20,5,0.31,5.0,0.3071,0.67
323,False,True,False,True,5,20,5,0.31,5.0,0.3167,0.61
324,True,True,False,True,5,20,5,0.31,5.0,0.3094,0.11
325,False,False,True,False,5,20,5,0.31,5.0,0.3175,0.16
326,True,False,True,False,5,20,5,0.31,5.0,0.3089,0.66
327,False,True,True,False,5,20,5,0.31,5.0,0.3082,0.61
328,True,True,True,False,5,20,5,0.31,5.0,0.3101,0.16
329,False,False,True,True,5,20,5,0.31,5.0,0.3045,0.69
330,True,False,True,True,5,20,5,0.31,5.0,0.3013,0.86
331,False,True,True,True,5,20,5,0.31,5.0,0.3125,0.61
332,True,True,True,True,5,20,5,0.31,5.0,0.3086,0.63
333,False,False,False,False,10,20,5,0.31,5.0,0.3102,0.1
334,True,False,False,False,10,20,5,0.31,5.0,0.3109,0.17
335,False,True,False,False,10,20,5,0.31,5.0,0.3036,0.7
336,True,True,False,False,10,20,5,0.31,5.0,0.3079,0.7
337,False,False,False,True,10,20,5,0.31,5.0,0.3085,0.62
338,True,False,False,True,10,20,5,0.31,5.0,0.3115,0.66
339,False,True,False,True,10,20,5,0.31,5.0,0.3105,0.11
340,True,True,False,True,10,20,5,0.31,5.0,0.3118,0.66
341,False,False,True,False,10,20,5,0.31,5.0,0.3102,0.22
342,True,False,True,False,10,20,5,0.31,5.0,0.3112,0.65
343,False,True,True,False,10,20,5,0.31,5.0,0.31,0.16
344,True,True,True,False,10,20,5,0.31,5.0,0.3075,0.65
345,False,False,True,True,10,20,5,0.31,5.0,0.3003,0.64
346,True,False,True,True,10,20,5,0.31,5.0,0.3131,0.17
347,False,True,True,True,10,20,5,0.31,5.0,0.3131,0.67
348,True,True,True,True,10,20,5,0.31,5.0,0.3195,0.61
349,False,False,False,False,5,20,5,0.36,5.0,0.359,0.21
350,True,False,False,False,5,20,5,0.36,5.0,0.3573,0.66
351,False,True,False,False,5,20,5,0.36,5.0,0.3585,0.66
352,True,True,False,False,5,20,5,0.36,5.0,0.3611,0.68
353,False,False,False,True,5,20,5,0.36,5.0,0.3669,0.74
354,True,False,False,True,5,20,5,0.36,5.0,0.3565,0.66
355,False,True,False,True,5,20,5,0.36,5.0,0.358,0.7
356,True,True,False,True,5,20,5,0.36,5.0,0.3598,0.1
357,False,False,True,False,5,20,5,0.36,5.0,0.3702,0.69
358,True,False,True,False,5,20,5,0.36,5.0,0.3367,0.6
359,False,True,True,False,5,20,5,0.36,5.0,0.3391,0.6
360,True,True,True,False,5,20,5,0.36,5.0,0.3592,0.16
361,False,False,True,True,5,20,5,0.36,5.0,0.3554,0.16
362,True,False,True,True,5,20,5,0.36,5.0,0.349,0.66
363,False,True,True,True,5,20,5,0.36,5.0,0.3618,0.67
364,True,True,True,True,5,20,5,0.36,5.0,0.3446,0.71
365,False,False,False,False,10,20,5,0.36,5.0,0.3594,0.25
366,True,False,False,False,10,20,5,0.36,5.0,0.357,0.71
367,False,True,False,False,10,20,5,0.36,5.0,0.3397,0.74
368,True,True,False,False,10,20,5,0.36,5.0,0.3519,0.7
369,False,False,False,True,10,20,5,0.36,5.0,0.3474,0.77
370,True,False,False,True,10,20,5,0.36,5.0,0.3675,0.7
371,False,True,False,True,10,20,5,0.36,5.0,0.3532,0.67
372,True,True,False,True,10,20,5,0.36,5.0,0.3569,0.68
373,False,False,True,False,10,20,5,0.36,5.0,0.3445,0.63
374,True,False,True,False,10,20,5,0.36,5.0,0.3593,0.1
375,False,True,True,False,10,20,5,0.36,5.0,0.3367,0.72
376,True,True,True,False,10,20,5,0.36,5.0,0.3255,0.78
377,False,False,True,True,10,20,5,0.36,5.0,0.3366,0.7
378,True,False,True,True,10,20,5,0.36,5.0,0.3283,0.6
379,False,True,True,True,10,20,5,0.36,5.0,0.3736,0.63
380,True,True,True,True,10,20,5,0.36,5.0,0.3685,0.65
381,False,False,False,False,5,20,5,0.41,5.0,0.41,0.25
382,True,False,False,False,5,20,5,0.41,5.0,0.3935,0.65
383,False,True,False,False,5,20,5,0.41,5.0,0.4015,0.71
384,True,True,False,False,5,20,5,0.41,5.0,0.3843,0.67
385,False,False,False,True,5,20,5,0.41,5.0,0.3479,0.64
386,True,False,False,True,5,20,5,0.41,5.0,0.3466,0.63
387,False,True,False,True,5,20,5,0.41,5.0,0.3677,0.61
388,True,True,False,True,5,20,5,0.41,5.0,0.4056,0.74
389,False,False,True,False,5,20,5,0.41,5.0,0.3813,0.67
390,True,False,True,False,5,20,5,0.41,5.0,0.343,0.6
391,False,True,True,False,5,20,5,0.41,5.0,0.3988,0.74
392,True,True,True,False,5,20,5,0.41,5.0,0.4002,0.6
393,False,False,True,True,5,20,5,0.41,5.0,0.3884,0.65
394,True,False,True,True,5,20,5,0.41,5.0,0.3989,0.66
395,False,True,True,True,5,20,5,0.41,5.0,0.349,0.62
396,True,True,True,True,5,20,5,0.41,5.0,0.3456,0.67
397,False,False,False,False,10,20,5,0.41,5.0,0.4102,0.23
398,True,False,False,False,10,20,5,0.41,5.0,0.372,0.62
399,False,True,False,False,10,20,5,0.41,5.0,0.3922,0.68
400,True,True,False,False,10,20,5,0.41,5.0,0.4623,0.62
401,False,False,False,True,10,20,5,0.41,5.0,0.3321,0.61
402,True,False,False,True,10,20,5,0.41,5.0,0.3497,0.63
403,False,True,False,True,10,20,5,0.41,5.0,0.3474,0.71
404,True,True,False,True,10,20,5,0.41,5.0,0.3052,0.69
405,False,False,True,False,10,20,5,0.41,5.0,0.385,0.72
406,False,False,False,False,5,20,5,0.31,5.0,0.3094,0.21
407,True,False,False,False,5,20,5,0.31,5.0,0.3146,0.64
408,False,True,False,False,5,20,5,0.31,5.0,0.3105,0.16
409,True,True,False,False,5,20,5,0.31,5.0,0.3085,0.67
410,False,False,False,True,5,20,5,0.31,5.0,0.3106,0.17
411,True,False,False,True,5,20,5,0.31,5.0,0.3094,0.1
412,False,True,False,True,5,20,5,0.31,5.0,0.3135,0.65
413,True,True,False,True,5,20,5,0.31,5.0,0.3098,0.16
414,False,False,True,False,5,20,5,0.31,5.0,0.3102,0.2
415,True,False,True,False,5,20,5,0.31,5.0,0.3085,0.69
416,False,True,True,False,5,20,5,0.31,5.0,0.3054,0.61
417,True,True,True,False,5,20,5,0.31,5.0,0.3176,0.69
418,False,False,True,True,5,20,5,0.31,5.0,0.3051,0.66
419,True,False,True,True,5,20,5,0.31,5.0,0.3193,0.63
420,False,True,True,True,5,20,5,0.31,5.0,0.3132,0.66
421,True,True,True,True,5,20,5,0.31,5.0,0.3067,0.62
422,False,False,False,False,10,20,5,0.31,5.0,0.31,0.11
423,True,False,False,False,10,20,5,0.31,5.0,0.3057,0.7
424,False,True,False,False,10,20,5,0.31,5.0,0.3073,0.69
425,True,True,False,False,10,20,5,0.31,5.0,0.3136,0.61
426,False,False,False,True,10,20,5,0.31,5.0,0.3054,0.66
427,True,False,False,True,10,20,5,0.31,5.0,0.3201,0.65
428,False,True,False,True,10,20,5,0.31,5.0,0.321,0.62
429,True,True,False,True,10,20,5,0.31,5.0,0.3091,0.16
430,False,False,True,False,10,20,5,0.31,5.0,0.3073,0.61
431,True,False,True,False,10,20,5,0.31,5.0,0.3155,0.65
432,False,True,True,False,10,20,5,0.31,5.0,0.3111,0.73
433,True,True,True,False,10,20,5,0.31,5.0,0.2929,0.6
434,False,False,True,True,10,20,5,0.31,5.0,0.3113,0.63
435,True,False,True,True,10,20,5,0.31,5.0,0.3034,0.64
436,False,True,True,True,10,20,5,0.31,5.0,0.3078,0.21
437,True,True,True,True,10,20,5,0.31,5.0,0.3144,0.67
438,False,False,False,False,5,20,5,0.36,5.0,0.361,0.21
439,True,False,False,False,5,20,5,0.36,5.0,0.3607,0.2
440,False,True,False,False,5,20,5,0.36,5.0,0.3563,0.64
441,True,True,False,False,5,20,5,0.36,5.0,0.3589,0.6
442,False,False,False,True,5,20,5,0.36,5.0,0.3622,0.7
443,True,False,False,True,5,20,5,0.36,5.0,0.3545,0.71
444,False,True,False,True,5,20,5,0.36,5.0,0.3572,0.66
445,True,True,False,True,5,20,5,0.36,5.0,0.346,0.63
446,False,False,True,False,5,20,5,0.36,5.0,0.3673,0.73
447,True,False,True,False,5,20,5,0.36,5.0,0.3754,0.21
448,False,True,True,False,5,20,5,0.36,5.0,0.3437,0.6
449,True,True,True,False,5,20,5,0.36,5.0,0.3794,0.66
450,False,False,True,True,5,20,5,0.36,5.0,0.3632,0.64
451,True,False,True,True,5,20,5,0.36,5.0,0.3665,0.67
452,False,True,True,True,5,20,5,0.36,5.0,0.3691,0.2
453,True,True,True,True,5,20,5,0.36,5.0,0.349,0.72
454,False,False,False,False,10,20,5,0.36,5.0,0.3602,0.26
455,True,False,False,False,10,20,5,0.36,5.0,0.3474,0.62
456,False,True,False,False,10,20,5,0.36,5.0,0.354,0.68
457,True,True,False,False,10,20,5,0.36,5.0,0.3388,0.61
458,False,False,False,True,10,20,5,0.36,5.0,0.3668,0.78
459,True,False,False,True,10,20,5,0.36,5.0,0.3225,0.64
460,False,True,False,True,10,20,5,0.36,5.0,0.3316,0.69
461,True,True,False,True,10,20,5,0.36,5.0,0.3469,0.66
462,False,False,True,False,10,20,5,0.36,5.0,0.358,0.69
463,True,False,True,False,10,20,5,0.36,5.0,0.3424,0.63
464,False,True,True,False,10,20,5,0.36,5.0,0.3629,0.67
465,True,True,True,False,10,20,5,0.36,5.0,0.3555,0.71
466,False,False,False,False,5,40,5,0.1,5.0,0.0994,0.67
467,True,False,False,False,5,40,5,0.1,5.0,0.1001,0.65
468,False,True,False,False,5,40,5,0.1,5.0,0.0985,1.05
469,True,True,False,False,5,40,5,0.1,5.0,0.0985,5.18
470,False,False,False,True,5,40,5,0.1,5.0,0.1006,0.32
471,True,False,False,True,5,40,5,0.1,5.0,0.0999,0.27
472,False,True,False,True,5,40,5,0.1,5.0,0.101,0.33
473,True,True,False,True,5,40,5,0.1,5.0,0.0985,2.99
474,False,False,True,False,5,40,5,0.1,5.0,0.1007,0.18
475,True,False,True,False,5,40,5,0.1,5.0,0.1023,5.34
476,False,True,True,False,5,40,5,0.1,5.0,0.0998,0.22
477,True,True,True,False,5,40,5,0.1,5.0,0.0995,0.14
478,False,False,True,True,5,40,5,0.1,5.0,0.1006,0.62
479,True,False,True,True,5,40,5,0.1,5.0,0.1009,0.31
480,False,True,True,True,5,40,5,0.1,5.0,0.0977,6.11
481,True,True,True,True,5,40,5,0.1,5.0,0.0995,0.17
482,False,False,False,False,10,40,5,0.1,5.0,0.0988,7.23
483,True,False,False,False,10,40,5,0.1,5.0,0.1011,3.05
484,False,True,False,False,10,40,5,0.1,5.0,0.1001,0.12
485,True,True,False,False,10,40,5,0.1,5.0,0.0988,5.91
486,False,False,False,True,10,40,5,0.1,5.0,0.0983,2.99
487,True,False,False,True,10,40,5,0.1,5.0,0.1004,0.52
488,False,True,False,True,10,40,5,0.1,5.0,0.1002,0.52
489,True,True,False,True,10,40,5,0.1,5.0,0.0991,0.13
490,False,False,True,False,10,40,5,0.1,5.0,0.1034,5.3
491,True,False,True,False,10,40,5,0.1,5.0,0.1004,0.1
492,False,True,True,False,10,40,5,0.1,5.0,0.1004,0.19
493,True,True,True,False,10,40,5,0.1,5.0,0.101,3.04
494,False,False,True,True,10,40,5,0.1,5.0,0.0999,0.11
495,True,False,True,True,10,40,5,0.1,5.0,0.0985,0.84
496,False,True,True,True,10,40,5,0.1,5.0,0.1026,4.43
497,True,True,True,True,10,40,5,0.1,5.0,0.0988,1.16
498,False,False,False,False,15,40,5,0.1,5.0,0.1005,0.42
499,True,False,False,False,15,40,5,0.1,5.0,0.1021,5.17
500,False,True,False,False,15,40,5,0.1,5.0,0.0995,0.28
501,True,True,False,False,15,40,5,0.1,5.0,0.0981,5.33
502,False,False,False,True,15,40,5,0.1,5.0,0.1003,0.3
503,True,False,False,True,15,40,5,0.1,5.0,0.102,5.19
504,False,True,False,True,15,40,5,0.1,5.0,0.1009,0.34
505,True,True,False,True,15,40,5,0.1,5.0,0.1059,0.38
506,False,False,True,False,15,40,5,0.1,5.0,0.1023,5.81
507,True,False,True,False,15,40,5,0.1,5.0,0.1036,5.15
508,False,True,True,False,15,40,5,0.1,5.0,0.1017,7.21
509,True,True,True,False,15,40,5,0.1,5.0,0.1006,0.37
510,False,False,True,True,15,40,5,0.1,5.0,0.0997,0.28
511,True,False,True,True,15,40,5,0.1,5.0,0.0994,0.15
512,False,False,False,False,5,20,5,0.31,5.0,0.3093,0.25
513,True,False,False,False,5,20,5,0.31,5.0,0.31,0.11
514,False,True,False,False,5,20,5,0.31,5.0,0.3102,0.21
515,True,True,False,False,5,20,5,0.31,5.0,0.311,0.17
516,False,False,False,True,5,20,5,0.31,5.0,0.3156,0.69
517,True,False,False,True,5,20,5,0.31,5.0,0.3062,0.65
518,False,True,False,True,5,20,5,0.31,5.0,0.309,0.16
519,True,True,False,True,5,20,5,0.31,5.0,0.3085,0.72
520,False,False,True,False,5,20,5,0.31,5.0,0.3119,0.65
521,True,False,True,False,5,20,5,0.31,5.0,0.3133,0.68
522,False,True,True,False,5,20,5,0.31,5.0,0.3158,0.78
523,True,True,True,False,5,20,5,0.31,5.0,0.3102,0.12
524,False,False,True,True,5,20,5,0.31,5.0,0.3132,0.17
525,True,False,True,True,5,20,5,0.31,5.0,0.3087,0.68
526,False,True,True,True,5,20,5,0.31,5.0,0.3133,0.67
527,True,True,True,True,5,20,5,0.31,5.0,0.3086,0.67
528,False,False,False,False,10,20,5,0.31,5.0,0.3107,0.27
529,True,False,False,False,10,20,5,0.31,5.0,0.3139,0.68
530,False,True,False,False,10,20,5,0.31,5.0,0.3125,0.81
531,True,True,False,False,10,20,5,0.31,5.0,0.3138,0.23
532,False,False,False,True,10,20,5,0.31,5.0,0.308,0.77
533,True,False,False,True,10,20,5,0.31,5.0,0.3135,0.67
534,False,False,False,False,5,60,5,0.07,5.0,0.0702,0.25
535,True,False,False,False,5,60,5,0.07,5.0,0.0701,14.83
536,False,True,False,False,5,60,5,0.07,5.0,0.0707,11.96
537,False,False,False,False,5,60,5,0.17,5.0,0.1696,3.62
538,False,False,False,False,5,60,10,0.15,10.0,0.1503,0.21
539,False,False,False,False,10,60,10,0.15,10.0,0.1501,0.22
540,False,False,False,False,2,60,10,0.15,10.0,0.1503,0.22
541,False,False,False,False,2,60,40,0.76,40.0,0.7598,2.12
542,False,False,False,False,5,60,40,0.76,40.0,0.7597,2.58
543,False,False,False,False,2,60,40,0.86,40.0,0.7814,2.82
544,False,False,False,False,5,60,40,0.86,40.0,0.7702,2.82
545,False,False,False,False,2,60,40,0.96,40.0,0.7822,2.77
546,False,False,False,False,5,60,40,0.96,40.0,0.7695,2.79
547,False,False,False,False,2,60,40,1.06,40.0,0.7811,2.76
548,False,False,False,False,5,60,40,1.06,40.0,0.7693,2.75
549,False,False,False,False,2,80,40,0.49,40.0,0.491,0.65
550,False,False,False,False,5,80,40,0.49,40.0,0.4909,0.48
551,False,False,False,False,2,80,40,0.59,40.0,0.5891,3.11
552,False,False,False,False,10,80,40,0.49,40.0,0.4907,0.49
553,False,False,False,False,5,80,40,0.59,40.0,0.5892,3.08
554,False,False,False,False,10,80,40,0.59,40.0,0.5899,3.29
555,False,False,False,False,2,80,40,0.69,40.0,0.5939,3.23
556,False,False,False,False,5,80,40,0.69,40.0,0.599,3.28
557,False,False,False,False,10,80,40,0.69,40.0,0.5965,3.31
558,False,False,False,False,2,80,40,0.7899999999999999,40.0,0.5974,3.24
559,False,False,False,False,5,80,40,0.7899999999999999,40.0,0.5962,3.28
560,False,False,False,False,10,80,40,0.7899999999999999,40.0,0.5865,3.73
561,False,False,False,False,2,80,40,0.8899999999999999,40.0,0.6024,3.13
562,False,False,False,False,5,80,40,0.8899999999999999,40.0,0.5976,3.19
563,False,False,False,False,10,80,40,0.8899999999999999,40.0,0.5925,3.24
564,False,False,False,False,5,20,5,0.31,5.0,0.3093,0.09
565,False,False,False,False,10,20,5,0.31,5.0,0.3104,0.15
566,False,False,False,False,5,20,5,0.36,5.0,0.3601,0.1
567,False,False,False,False,10,20,5,0.36,5.0,0.3592,0.19
568,False,False,False,False,5,20,5,0.41,5.0,0.4105,0.1
569,False,False,False,False,10,20,5,0.41,5.0,0.4095,0.45
570,False,False,False,False,10,20,10,0.5700000000000001,10.0,0.5692,0.11
571,False,False,False,False,5,20,10,0.6200000000000001,10.0,0.6206,2.76
572,False,False,False,False,10,20,10,0.6200000000000001,10.0,0.5844,14.08
573,False,False,False,False,5,20,10,0.6700000000000002,10.0,0.5683,7.02
574,False,False,False,False,10,20,10,0.6700000000000002,10.0,0.5685,13.25
575,False,False,False,False,5,20,10,0.7200000000000002,10.0,0.5977,5.9
576,False,False,False,False,10,20,10,0.7200000000000002,10.0,0.5992,7.15
577,False,False,False,False,5,20,10,0.7700000000000002,10.0,0.7328,13.63
578,False,False,False,False,10,20,10,0.7700000000000002,10.0,0.5895,5.67
579,False,False,False,False,5,20,10,0.8200000000000003,10.0,0.6549,11.52
580,False,False,False,False,10,20,10,0.8200000000000003,10.0,0.5894,5.85
581,False,False,False,False,5,20,15,0.74,15.0,0.7396,1.42
582,False,False,False,False,10,20,15,0.74,15.0,0.7396,2.32
583,False,False,False,False,5,20,15,0.79,15.0,0.7908,0.07
584,False,False,False,False,10,20,15,0.79,15.0,0.7903,0.07
585,False,False,False,False,5,20,15,0.8400000000000001,15.0,0.8406,0.24
586,False,False,False,False,10,20,15,0.8400000000000001,15.0,0.8395,0.25
587,False,False,False,False,5,20,15,0.8900000000000001,15.0,0.8892,0.91
588,False,False,False,False,10,20,15,0.8900000000000001,15.0,0.8906,0.96
589,False,False,False,False,5,20,15,0.9400000000000002,15.0,0.939,2.31
590,False,False,False,False,5,40,10,0.23,10.0,0.2292,0.21
591,False,False,False,False,10,40,10,0.23,10.0,0.2298,0.21
592,False,False,False,False,15,40,10,0.23,10.0,0.2292,0.11
593,False,False,False,False,20,40,10,0.23,10.0,0.2301,0.22
594,False,False,False,False,5,40,10,0.33,10.0,0.33,0.24
595,False,False,False,False,10,40,10,0.33,10.0,0.3302,0.24
596,False,False,False,False,15,40,10,0.33,10.0,0.3304,0.26
597,False,False,False,False,20,40,10,0.33,10.0,0.3293,0.27
598,False,False,False,False,5,40,10,0.43,10.0,0.4294,0.54
599,False,False,False,False,10,40,10,0.43,10.0,0.4294,0.57
600,False,False,False,False,15,40,10,0.43,10.0,0.43,0.54
601,False,False,False,False,20,40,10,0.43,10.0,0.4308,0.43
602,False,False,False,False,5,40,10,0.53,10.0,0.5307,0.87
603,False,True,True,True,15,40,5,0.1,5.0,0.1028,3.49
604,True,True,True,True,15,40,5,0.1,5.0,0.102,0.55
605,False,False,False,False,20,40,5,0.1,5.0,0.0992,1.72
606,True,False,False,False,20,40,5,0.1,5.0,0.0958,5.83
607,False,True,False,False,20,40,5,0.1,5.0,0.1006,1.09
608,True,True,False,False,20,40,5,0.1,5.0,0.1055,1.86
609,False,False,False,True,20,40,5,0.1,5.0,0.0996,3.69
610,True,False,False,True,20,40,5,0.1,5.0,0.1071,5.42
611,False,True,False,True,20,40,5,0.1,5.0,0.0973,3.54
612,True,True,False,True,20,40,5,0.1,5.0,0.1012,5.32
613,False,False,True,False,20,40,5,0.1,5.0,0.0986,5.72
614,True,False,True,False,20,40,5,0.1,5.0,0.103,6.21
615,False,True,True,False,20,40,5,0.1,5.0,0.1006,0.61
616,True,True,True,False,20,40,5,0.1,5.0,0.1032,6.33
617,False,False,True,True,20,40,5,0.1,5.0,0.097,5.16
618,True,False,True,True,20,40,5,0.1,5.0,0.1052,7.18
619,False,True,True,True,20,40,5,0.1,5.0,0.0981,5.33
620,True,True,True,True,20,40,5,0.1,5.0,0.0949,0.66
621,False,False,False,False,5,40,5,0.15,5.0,0.1497,4.51
622,True,False,False,False,5,40,5,0.15,5.0,0.1523,5.15
623,False,True,False,False,5,40,5,0.15,5.0,0.1495,0.2
624,True,True,False,False,5,40,5,0.15,5.0,0.154,5.46
625,False,False,False,True,5,40,5,0.15,5.0,0.1496,0.86
626,True,False,False,True,5,40,5,0.15,5.0,0.1488,5.18
627,False,True,False,True,5,40,5,0.15,5.0,0.1498,1.46
628,True,True,False,True,5,40,5,0.15,5.0,0.1512,5.66
629,False,False,True,False,5,40,5,0.15,5.0,0.1491,0.96
630,True,False,True,False,5,40,5,0.15,5.0,0.1505,0.61
631,False,True,True,False,5,40,5,0.15,5.0,0.1493,2.98
632,True,True,True,False,5,40,5,0.15,5.0,0.149,3.11
633,False,False,True,True,5,40,5,0.15,5.0,0.1492,0.67
634,True,False,True,True,5,40,5,0.15,5.0,0.1526,2.08
635,False,True,True,True,5,40,5,0.15,5.0,0.1499,0.86
636,True,True,True,True,5,40,5,0.15,5.0,0.1526,6.23
637,False,False,False,False,10,40,5,0.15,5.0,0.1501,5.04
638,True,False,False,False,10,40,5,0.15,5.0,0.152,5.35
639,False,True,False,False,10,40,5,0.15,5.0,0.1556,8.2
640,True,True,False,False,10,40,5,0.15,5.0,0.1493,2.32
641,False,False,False,True,10,40,5,0.15,5.0,0.1486,5.4
642,True,False,False,True,10,40,5,0.15,5.0,0.1497,1.98
643,False,True,False,True,10,40,5,0.15,5.0,0.1485,7.19
644,True,True,False,True,10,40,5,0.15,5.0,0.1473,5.26
645,False,False,True,False,10,40,5,0.15,5.0,0.148,5.25
646,True,False,True,False,10,40,5,0.15,5.0,0.1493,0.59
647,False,True,True,False,10,40,5,0.15,5.0,0.1493,0.48
648,True,True,True,False,10,40,5,0.15,5.0,0.1427,6.89
649,False,False,True,True,10,40,5,0.15,5.0,0.1528,6.4
650,True,False,True,True,10,40,5,0.15,5.0,0.1497,0.39
651,False,True,True,True,10,40,5,0.15,5.0,0.15,0.18
652,True,True,True,True,10,40,5,0.15,5.0,0.1519,5.73
653,False,False,False,False,15,40,5,0.15,5.0,0.1496,2.54
654,True,False,False,False,15,40,5,0.15,5.0,0.1491,0.75
655,False,True,False,False,15,40,5,0.15,5.0,0.15,0.23
656,True,True,False,False,15,40,5,0.15,5.0,0.1367,5.23
657,False,False,False,True,15,40,5,0.15,5.0,0.1333,7.72
658,True,False,False,True,15,40,5,0.15,5.0,0.152,4.31
659,False,True,False,True,15,40,5,0.15,5.0,0.1515,5.61
660,True,True,False,True,15,40,5,0.15,5.0,0.1462,5.31
661,False,False,True,False,15,40,5,0.15,5.0,0.1506,0.46
662,True,False,True,False,15,40,5,0.15,5.0,0.1511,6.91
663,False,True,True,False,15,40,5,0.15,5.0,0.1479,10.33
664,True,True,True,False,15,40,5,0.15,5.0,0.1515,6.05
665,False,False,True,True,15,40,5,0.15,5.0,0.1469,5.96
666,True,False,True,True,15,40,5,0.15,5.0,0.1385,3.34
667,False,True,True,True,15,40,5,0.15,5.0,0.1428,6.55
668,True,True,True,True,15,40,5,0.15,5.0,0.1624,3.76
669,False,False,False,False,20,40,5,0.15,5.0,0.1504,9.54
670,True,False,False,False,20,40,5,0.15,5.0,0.1462,6.09
671,False,True,False,False,20,40,5,0.15,5.0,0.151,0.79
672,True,True,False,False,20,40,5,0.15,5.0,0.1483,6.29
673,False,False,False,True,20,40,5,0.15,5.0,0.1496,0.21
674,True,False,False,True,20,40,5,0.15,5.0,0.1527,13.9
675,False,True,False,True,20,40,5,0.15,5.0,0.1598,7.89
676,True,True,False,True,20,40,5,0.15,5.0,0.1541,5.59
677,False,False,True,False,20,40,5,0.15,5.0,0.1514,5.25
678,True,False,True,False,20,40,5,0.15,5.0,0.1486,6.97
679,False,True,True,False,20,40,5,0.15,5.0,0.1442,5.5
680,True,True,True,False,20,40,5,0.15,5.0,0.1454,6.22
681,False,False,True,True,20,40,5,0.15,5.0,0.1501,1.15
682,True,False,True,True,20,40,5,0.15,5.0,0.1503,0.36
683,False,True,True,True,20,40,5,0.15,5.0,0.1406,6.64
684,True,True,True,True,20,40,5,0.15,5.0,0.1481,5.9
685,False,False,False,False,5,40,5,0.2,5.0,0.2022,8.7
686,True,False,False,False,5,40,5,0.2,5.0,0.2014,12.76
687,False,True,False,False,5,40,5,0.2,5.0,0.1547,6.47
688,True,True,False,False,5,40,5,0.2,5.0,0.177,6.34
689,False,False,False,True,5,40,5,0.2,5.0,0.1857,6.63
690,True,False,False,True,5,40,5,0.2,5.0,0.1715,5.9
691,False,True,False,True,5,40,5,0.2,5.0,0.172,8.07
692,True,True,False,True,5,40,5,0.2,5.0,0.1647,5.66
693,False,False,True,False,5,40,5,0.2,5.0,0.1993,1.73
694,True,False,True,False,5,40,5,0.2,5.0,0.1808,2.2
695,False,True,True,False,5,40,5,0.2,5.0,0.1956,5.29
696,True,True,True,False,5,40,5,0.2,5.0,0.2017,5.38
697,False,False,True,True,5,40,5,0.2,5.0,0.1669,5.95
698,True,False,True,True,5,40,5,0.2,5.0,0.1813,5.19
699,False,True,True,True,5,40,5,0.2,5.0,0.1912,6.11
700,True,True,True,True,5,40,5,0.2,5.0,0.1526,5.21
701,False,False,False,False,10,40,5,0.2,5.0,0.199,2.72
702,True,False,False,False,10,40,5,0.2,5.0,0.2026,5.26
703,False,True,False,False,10,40,5,0.2,5.0,0.1892,5.78
704,True,True,False,False,10,40,5,0.2,5.0,0.1925,8.38
705,False,False,False,True,10,40,5,0.2,5.0,0.1703,5.21
706,True,False,False,True,10,40,5,0.2,5.0,0.1799,5.23
707,False,True,False,True,10,40,5,0.2,5.0,0.2407,6.75
708,True,True,False,True,10,40,5,0.2,5.0,0.1763,5.64
709,False,False,True,False,10,40,5,0.2,5.0,0.1785,5.16
710,True,False,True,False,10,40,5,0.2,5.0,0.1729,6.26
711,False,True,True,False,10,40,5,0.2,5.0,0.1623,5.41
712,True,True,True,False,10,40,5,0.2,5.0,0.1757,6.26
713,False,False,True,True,10,40,5,0.2,5.0,0.1739,3.29
714,True,False,True,True,10,40,5,0.2,5.0,0.1888,5.34
715,False,True,True,True,10,40,5,0.2,5.0,0.1823,5.29
716,True,True,True,True,10,40,5,0.2,5.0,0.167,5.23
717,False,False,False,False,15,40,5,0.2,5.0,0.2143,5.59
718,True,False,False,False,15,40,5,0.2,5.0,0.1886,7.04
719,False,True,False,False,15,40,5,0.2,5.0,0.2,12.04
720,True,True,False,False,15,40,5,0.2,5.0,0.1475,5.73
721,False,False,False,True,15,40,5,0.2,5.0,0.1599,5.34
722,True,False,False,True,15,40,5,0.2,5.0,0.2036,7.61
723,False,True,False,True,15,40,5,0.2,5.0,0.186,6.62
724,True,True,False,True,15,40,5,0.2,5.0,0.1755,7.53
725,False,False,True,False,15,40,5,0.2,5.0,0.1483,3.44
726,True,False,True,False,15,40,5,0.2,5.0,0.1746,6.26
727,False,True,True,False,15,40,5,0.2,5.0,0.1919,1.99
728,True,True,True,False,15,40,5,0.2,5.0,0.2089,9.18
729,False,False,True,True,15,40,5,0.2,5.0,0.1672,6.68
730,True,False,True,True,15,40,5,0.2,5.0,0.1995,0.2
731,False,False,False,False,5,40,10,0.43,10.0,0.4302,0.45
732,False,False,False,False,10,40,10,0.43,10.0,0.4298,0.47
733,False,False,False,False,15,40,10,0.43,10.0,0.4306,0.49
734,False,False,False,False,20,40,10,0.43,10.0,0.4298,0.66
735,False,False,False,False,5,40,10,0.43,10.0,0.43,0.73
736,False,False,False,False,5,40,10,0.43000000000000005,10.0,0.4298,0.77
